_id,title,content,source_file,chunk_index,category,combined_information
triet_hoc_0,Giáo trình triết học (Phần 1),"GIÁO TRÌNH TRIẾT HỌC MÁC - LÊNIN (Dành cho bậc đại học hệ không chuyên lý luận chính trị) Biên mục trên xuất bản phẩm của Thư viện Quốc gia Việt Nam Giáo trình Triết học Mác - Lênin : Dành cho bậc đại học hệ không chuyên lý luận chính trị. - H. : Chính trị Quốc gia, 2021. - 496tr. ; 21cm ISBN 9786045765944 1. Triết học Mác-Lênin 2. Giáo trình 335.4110711 - dc23 CTH0709p-CIP BỘ GIÁO DỤC VÀ ĐÀO TẠO GIÁO TRÌNH TRIẾT HỌC MÁC - LÊNIN (Dành cho bậc đại học hệ không chuyên lý luận chính trị) NHÀ XUẤT B",1. Giao trinh Triet hoc Mac - Lenin 2021,0,Triết học,"Tiêu đề: Giáo trình triết học (Phần 1), Danh mục: Triết học, Nội dung: GIÁO TRÌNH TRIẾT HỌC MÁC - LÊNIN (Dành cho bậc đại học hệ không chuyên lý luận chính trị) Biên mục trên xuất bản phẩm của Thư viện Quốc gia Việt Nam Giáo trình Triết học Mác - Lênin : Dành cho bậc đại học hệ không chuyên lý luận chính trị. - H. : Chính trị Quốc gia, 2021. - 496tr. ; 21cm ISBN 9786045765944 1. Triết học Mác-Lênin 2. Giáo trình 335.4110711 - dc23 CTH0709p-CIP BỘ GIÁO DỤC VÀ ĐÀO TẠO GIÁO TRÌNH TRIẾT HỌC MÁC - LÊNIN (Dành cho bậc đại học hệ không chuyên lý luận chính trị) NHÀ XUẤT B"
triet_hoc_1,Giáo trình triết học (Phần 2)," học hệ không chuyên lý luận chính trị) NHÀ XUẤT BẢN CHÍNH TRỊ QUỐC GIA SỰ THẬT Hà Nội - 2021 BAN CHỈ ĐẠO BIÊN SOẠN 1. Đồng chí Phạm Văn Linh, Phó Trưởng Ban Tuyên giáo Trung ương, Trưởng Ban chỉ đạo; 2. Đồng chí Bùi Văn Ga, Thứ trưởng Bộ Giáo dục và Đào tạo, Phó Trưởng Ban chỉ đạo; 3. Đồng chí Nguyễn Văn Phúc, Thứ trưởng Bộ Giáo dục và Đào tạo, Phó Trưởng Ban chỉ đạo; 4. Đồng chí Lê Hải An, Thứ trưởng Bộ Giáo dục và Đào tạo, Phó Trưởng Ban chỉ đạo; 5. Đồng chí Mai Văn Chính, Ủy viên Trung ương ",1. Giao trinh Triet hoc Mac - Lenin 2021,1,Triết học,"Tiêu đề: Giáo trình triết học (Phần 2), Danh mục: Triết học, Nội dung:  học hệ không chuyên lý luận chính trị) NHÀ XUẤT BẢN CHÍNH TRỊ QUỐC GIA SỰ THẬT Hà Nội - 2021 BAN CHỈ ĐẠO BIÊN SOẠN 1. Đồng chí Phạm Văn Linh, Phó Trưởng Ban Tuyên giáo Trung ương, Trưởng Ban chỉ đạo; 2. Đồng chí Bùi Văn Ga, Thứ trưởng Bộ Giáo dục và Đào tạo, Phó Trưởng Ban chỉ đạo; 3. Đồng chí Nguyễn Văn Phúc, Thứ trưởng Bộ Giáo dục và Đào tạo, Phó Trưởng Ban chỉ đạo; 4. Đồng chí Lê Hải An, Thứ trưởng Bộ Giáo dục và Đào tạo, Phó Trưởng Ban chỉ đạo; 5. Đồng chí Mai Văn Chính, Ủy viên Trung ương "
triet_hoc_2,Giáo trình triết học (Phần 3),"ạo; 5. Đồng chí Mai Văn Chính, Ủy viên Trung ương Đảng, Phó trưởng Ban Tổ chức Trung ương, Thành viên; 6. Đồng chí Nguyễn Trọng Nghĩa, Ủy viên Trung ương Đảng, Phó Chủ nhiệm Tổng cục Chính trị Quân đội nhân dân Việt Nam, Bộ Quốc phòng, Thành viên; 7. Đồng chí Nguyễn Văn Thành, Ủy viên Trung ương Đảng, Thứ trưởng Bộ Công an, Thành viên; 8. Đồng chí Triệu Văn Cường, Thứ trưởng Bộ Nội vụ, Thành viên; 9. Đồng chí Huỳnh Quang Hải, Thứ trưởng Bộ Tài chính, Thành viên; 10. Đồng chí Nguyễn Tất Giáp, Phó",1. Giao trinh Triet hoc Mac - Lenin 2021,2,Triết học,"Tiêu đề: Giáo trình triết học (Phần 3), Danh mục: Triết học, Nội dung: ạo; 5. Đồng chí Mai Văn Chính, Ủy viên Trung ương Đảng, Phó trưởng Ban Tổ chức Trung ương, Thành viên; 6. Đồng chí Nguyễn Trọng Nghĩa, Ủy viên Trung ương Đảng, Phó Chủ nhiệm Tổng cục Chính trị Quân đội nhân dân Việt Nam, Bộ Quốc phòng, Thành viên; 7. Đồng chí Nguyễn Văn Thành, Ủy viên Trung ương Đảng, Thứ trưởng Bộ Công an, Thành viên; 8. Đồng chí Triệu Văn Cường, Thứ trưởng Bộ Nội vụ, Thành viên; 9. Đồng chí Huỳnh Quang Hải, Thứ trưởng Bộ Tài chính, Thành viên; 10. Đồng chí Nguyễn Tất Giáp, Phó"
triet_hoc_3,Giáo trình triết học (Phần 4),"ính, Thành viên; 10. Đồng chí Nguyễn Tất Giáp, Phó Giám đốc Học viện Chính trị quốc gia Hồ Chí Minh, Thành viên; 11. Đồng chí Phạm Văn Đức, Phó Chủ tịch Viện Hàn lâm Khoa học xã hội Việt Nam, Thành viên; 12. Đồng chí Nguyễn Hồng Minh, Tổng cục trưởng Tổng cục Dạy nghề, Bộ Lao động - Thương binh và Xã hội, Thành viên. (Theo Quyết định số 165-QĐ/BTGTW ngày 06/6/2016, số 1302-QĐ/BTGTW ngày 05/4/2018, số 1861-QĐ/BTGTW ngày 04/01/2019 của Ban Tuyên giáo Trung ương Đảng) HỘI ĐỒNG BIÊN SOẠN 1. PGS.TS. ",1. Giao trinh Triet hoc Mac - Lenin 2021,3,Triết học,"Tiêu đề: Giáo trình triết học (Phần 4), Danh mục: Triết học, Nội dung: ính, Thành viên; 10. Đồng chí Nguyễn Tất Giáp, Phó Giám đốc Học viện Chính trị quốc gia Hồ Chí Minh, Thành viên; 11. Đồng chí Phạm Văn Đức, Phó Chủ tịch Viện Hàn lâm Khoa học xã hội Việt Nam, Thành viên; 12. Đồng chí Nguyễn Hồng Minh, Tổng cục trưởng Tổng cục Dạy nghề, Bộ Lao động - Thương binh và Xã hội, Thành viên. (Theo Quyết định số 165-QĐ/BTGTW ngày 06/6/2016, số 1302-QĐ/BTGTW ngày 05/4/2018, số 1861-QĐ/BTGTW ngày 04/01/2019 của Ban Tuyên giáo Trung ương Đảng) HỘI ĐỒNG BIÊN SOẠN 1. PGS.TS. "
triet_hoc_4,Giáo trình triết học (Phần 5),"áo Trung ương Đảng) HỘI ĐỒNG BIÊN SOẠN 1. PGS.TS. Phạm Văn Đức, Chủ tịch Hội đồng; 2. PGS.TS. Trần Văn Phòng, Phó Chủ tịch Hội đồng; 3. PGS.TS. Nguyễn Tài Đông, Thư ký khoa học; 4. Thiếu tướng, GS.TS. Nguyễn Văn Tài, Ủy viên; 5. Thiếu tướng, GS.TS. Trương Giang Long, Ủy viên; 6. GS.TS. Trần Phúc Thăng, Ủy viên; 7. GS.TS. Nguyễn Trọng Chuẩn, Ủy viên; 8. GS.TS. Nguyễn Hùng Hậu, Ủy viên; 9. GS.TS. Hồ Sĩ Quý, Ủy viên; 10. PGS.TSKH. Lương Đình Hải, Ủy viên; 11. PGS.TS. Nguyễn Anh Tuấn, Ủy viên; 12. P",1. Giao trinh Triet hoc Mac - Lenin 2021,4,Triết học,"Tiêu đề: Giáo trình triết học (Phần 5), Danh mục: Triết học, Nội dung: áo Trung ương Đảng) HỘI ĐỒNG BIÊN SOẠN 1. PGS.TS. Phạm Văn Đức, Chủ tịch Hội đồng; 2. PGS.TS. Trần Văn Phòng, Phó Chủ tịch Hội đồng; 3. PGS.TS. Nguyễn Tài Đông, Thư ký khoa học; 4. Thiếu tướng, GS.TS. Nguyễn Văn Tài, Ủy viên; 5. Thiếu tướng, GS.TS. Trương Giang Long, Ủy viên; 6. GS.TS. Trần Phúc Thăng, Ủy viên; 7. GS.TS. Nguyễn Trọng Chuẩn, Ủy viên; 8. GS.TS. Nguyễn Hùng Hậu, Ủy viên; 9. GS.TS. Hồ Sĩ Quý, Ủy viên; 10. PGS.TSKH. Lương Đình Hải, Ủy viên; 11. PGS.TS. Nguyễn Anh Tuấn, Ủy viên; 12. P"
triet_hoc_5,Giáo trình triết học (Phần 6)," viên; 11. PGS.TS. Nguyễn Anh Tuấn, Ủy viên; 12. PGS.TS. Trần Đăng Sinh, Ủy viên; 13. Mai Yến Nga, Thư ký hành chính. (Theo Quyết định số 200/QĐ-BGDĐT, ngày 19/01/2016 của Bộ Giáo dục và Đào tạo) LỜI NHÀ XUẤT BẢN Thực hiện các nghị quyết của Đảng về đổi mới căn bản, toàn diện giáo dục và đào tạo đáp ứng yêu cầu của thời kỳ công nghiệp hóa, hiện đại hóa đất nước, ngày 28/3/2014 của Ban Bí thư Trung ương Đảng ban hành Kết luận số 94-KL/TW “về việc tiếp tục đổi mới việc học tập lý luận chính trị tr",1. Giao trinh Triet hoc Mac - Lenin 2021,5,Triết học,"Tiêu đề: Giáo trình triết học (Phần 6), Danh mục: Triết học, Nội dung:  viên; 11. PGS.TS. Nguyễn Anh Tuấn, Ủy viên; 12. PGS.TS. Trần Đăng Sinh, Ủy viên; 13. Mai Yến Nga, Thư ký hành chính. (Theo Quyết định số 200/QĐ-BGDĐT, ngày 19/01/2016 của Bộ Giáo dục và Đào tạo) LỜI NHÀ XUẤT BẢN Thực hiện các nghị quyết của Đảng về đổi mới căn bản, toàn diện giáo dục và đào tạo đáp ứng yêu cầu của thời kỳ công nghiệp hóa, hiện đại hóa đất nước, ngày 28/3/2014 của Ban Bí thư Trung ương Đảng ban hành Kết luận số 94-KL/TW “về việc tiếp tục đổi mới việc học tập lý luận chính trị tr"
triet_hoc_6,Giáo trình triết học (Phần 7),"tiếp tục đổi mới việc học tập lý luận chính trị trong hệ thống giáo dục quốc dân”. Kết luận số 94-KL/TW khẳng định, đổi mới việc học tập (bao gồm cả nội dung, chương trình, phương pháp giảng dạy, xây dựng đội ngũ giáo viên...) lý luận chính trị trong hệ thống giáo dục quốc dân có tầm quan trọng chiến lược; đồng thời yêu cầu đổi mới việc học tập lý luận chính trị trong hệ thống giáo dục quốc dân phải tạo bước tiến mới, có kết quả, chất lượng cao hơn, góp phần làm cho chủ nghĩa Mác - Lênin, tư tưở",1. Giao trinh Triet hoc Mac - Lenin 2021,6,Triết học,"Tiêu đề: Giáo trình triết học (Phần 7), Danh mục: Triết học, Nội dung: tiếp tục đổi mới việc học tập lý luận chính trị trong hệ thống giáo dục quốc dân”. Kết luận số 94-KL/TW khẳng định, đổi mới việc học tập (bao gồm cả nội dung, chương trình, phương pháp giảng dạy, xây dựng đội ngũ giáo viên...) lý luận chính trị trong hệ thống giáo dục quốc dân có tầm quan trọng chiến lược; đồng thời yêu cầu đổi mới việc học tập lý luận chính trị trong hệ thống giáo dục quốc dân phải tạo bước tiến mới, có kết quả, chất lượng cao hơn, góp phần làm cho chủ nghĩa Mác - Lênin, tư tưở"
triet_hoc_7,Giáo trình triết học (Phần 8),"ơn, góp phần làm cho chủ nghĩa Mác - Lênin, tư tưởng Hồ Chí Minh và đường lối, quan điểm của Đảng giữ vai trò chủ đạo trong đời sống xã hội; bảo đảm thế hệ trẻ Việt Nam luôn trung thành với mục tiêu, lý tưởng của Đảng và với chế độ xã hội chủ nghĩa. Dưới sự chủ trì của Ban Tuyên giáo Trung ương Đảng, Bộ Giáo dục và Đào tạo, trực tiếp là Ban Chỉ đạo biên soạn chương trình, giáo trình lý luận chính trị, trong những năm qua, việc tổ chức biên soạn bộ giáo trình các môn lý luận chính trị được thực h",1. Giao trinh Triet hoc Mac - Lenin 2021,7,Triết học,"Tiêu đề: Giáo trình triết học (Phần 8), Danh mục: Triết học, Nội dung: ơn, góp phần làm cho chủ nghĩa Mác - Lênin, tư tưởng Hồ Chí Minh và đường lối, quan điểm của Đảng giữ vai trò chủ đạo trong đời sống xã hội; bảo đảm thế hệ trẻ Việt Nam luôn trung thành với mục tiêu, lý tưởng của Đảng và với chế độ xã hội chủ nghĩa. Dưới sự chủ trì của Ban Tuyên giáo Trung ương Đảng, Bộ Giáo dục và Đào tạo, trực tiếp là Ban Chỉ đạo biên soạn chương trình, giáo trình lý luận chính trị, trong những năm qua, việc tổ chức biên soạn bộ giáo trình các môn lý luận chính trị được thực h"
triet_hoc_8,Giáo trình triết học (Phần 9),"ộ giáo trình các môn lý luận chính trị được thực hiện nghiêm túc, công phu, cẩn trọng với nguyên tắc cần phân định rõ nội dung của từng đối tượng học, từng cấp học, bậc học, tránh trùng lắp, đồng thời, bảo đảm tính liên thông. Phương châm của đổi mới việc học tập lý luận chính trị là cùng với đổi mới về nội dung phải đồng thời đổi mới phương pháp giảng dạy và học tập theo hướng sinh động, mềm dẻo, và phù hợp với thực tiễn cũng như đối tượng học tập; tạo được sự hứng thú và có trách nhiệm cho ngư",1. Giao trinh Triet hoc Mac - Lenin 2021,8,Triết học,"Tiêu đề: Giáo trình triết học (Phần 9), Danh mục: Triết học, Nội dung: ộ giáo trình các môn lý luận chính trị được thực hiện nghiêm túc, công phu, cẩn trọng với nguyên tắc cần phân định rõ nội dung của từng đối tượng học, từng cấp học, bậc học, tránh trùng lắp, đồng thời, bảo đảm tính liên thông. Phương châm của đổi mới việc học tập lý luận chính trị là cùng với đổi mới về nội dung phải đồng thời đổi mới phương pháp giảng dạy và học tập theo hướng sinh động, mềm dẻo, và phù hợp với thực tiễn cũng như đối tượng học tập; tạo được sự hứng thú và có trách nhiệm cho ngư"
triet_hoc_9,Giáo trình triết học (Phần 10),"ập; tạo được sự hứng thú và có trách nhiệm cho người dạy và người học. Đối với sinh viên đại học hệ không chuyên lý luận chính trị, phải xây dựng các bài giảng chung, tổng hợp các vấn đề cơ bản nhất về chủ nghĩa Mác - Lênin, trọng tâm là về chủ nghĩa duy vật biện chứng, chủ nghĩa duy vật lịch sử, gắn với tư tưởng Hồ Chí Minh và chủ trương, đường lối của Đảng. Sinh viên hệ chuyên lý luận chính trị cần học tập các kiến thức sâu rộng, đầy đủ hơn, phù hợp với yêu cầu đào tạo. Trong quá trình biên so",1. Giao trinh Triet hoc Mac - Lenin 2021,9,Triết học,"Tiêu đề: Giáo trình triết học (Phần 10), Danh mục: Triết học, Nội dung: ập; tạo được sự hứng thú và có trách nhiệm cho người dạy và người học. Đối với sinh viên đại học hệ không chuyên lý luận chính trị, phải xây dựng các bài giảng chung, tổng hợp các vấn đề cơ bản nhất về chủ nghĩa Mác - Lênin, trọng tâm là về chủ nghĩa duy vật biện chứng, chủ nghĩa duy vật lịch sử, gắn với tư tưởng Hồ Chí Minh và chủ trương, đường lối của Đảng. Sinh viên hệ chuyên lý luận chính trị cần học tập các kiến thức sâu rộng, đầy đủ hơn, phù hợp với yêu cầu đào tạo. Trong quá trình biên so"
triet_hoc_10,Giáo trình triết học (Phần 11),"ù hợp với yêu cầu đào tạo. Trong quá trình biên soạn, tập thể các tác giả đã kế thừa nội dung các giáo trình do Hội đồng Trung ương chỉ đạo biên soạn giáo trình quốc gia các bộ môn khoa học Mác - Lênin, tư tưởng Hồ Chí Minh và Bộ Giáo dục và Đào tạo tổ chức biên soạn. Đồng thời, Ban Chỉ đạo, tập thể tác giả đã tiếp thu các ý kiến góp ý của nhiều tập thể cũng như cá nhân các nhà khoa học, giảng viên các trường đại học trong cả nước. Cho đến nay, về cơ bản bộ giáo trình đã hoàn thành việc biên soạ",1. Giao trinh Triet hoc Mac - Lenin 2021,10,Triết học,"Tiêu đề: Giáo trình triết học (Phần 11), Danh mục: Triết học, Nội dung: ù hợp với yêu cầu đào tạo. Trong quá trình biên soạn, tập thể các tác giả đã kế thừa nội dung các giáo trình do Hội đồng Trung ương chỉ đạo biên soạn giáo trình quốc gia các bộ môn khoa học Mác - Lênin, tư tưởng Hồ Chí Minh và Bộ Giáo dục và Đào tạo tổ chức biên soạn. Đồng thời, Ban Chỉ đạo, tập thể tác giả đã tiếp thu các ý kiến góp ý của nhiều tập thể cũng như cá nhân các nhà khoa học, giảng viên các trường đại học trong cả nước. Cho đến nay, về cơ bản bộ giáo trình đã hoàn thành việc biên soạ"
triet_hoc_11,Giáo trình triết học (Phần 12),"ề cơ bản bộ giáo trình đã hoàn thành việc biên soạn theo những tiêu chí đề ra. Nhằm cung cấp tài liệu giảng dạy, học tập cho giảng viên, sinh viên các trường đại học theo chương trình mới, Bộ Giáo dục và Đào tạo phối hợp với Nhà xuất bản Chính trị quốc gia Sự thật xuất bản bộ giáo trình lý luận chính trị dành cho bậc đại học hệ chuyên và không chuyên lý luận chính trị, gồm 5 môn: - Giáo trình Triết học Mác - Lênin. - Giáo trình Kinh tế chính trị Mác - Lênin. - Giáo trình Chủ nghĩa xã hội khoa họ",1. Giao trinh Triet hoc Mac - Lenin 2021,11,Triết học,"Tiêu đề: Giáo trình triết học (Phần 12), Danh mục: Triết học, Nội dung: ề cơ bản bộ giáo trình đã hoàn thành việc biên soạn theo những tiêu chí đề ra. Nhằm cung cấp tài liệu giảng dạy, học tập cho giảng viên, sinh viên các trường đại học theo chương trình mới, Bộ Giáo dục và Đào tạo phối hợp với Nhà xuất bản Chính trị quốc gia Sự thật xuất bản bộ giáo trình lý luận chính trị dành cho bậc đại học hệ chuyên và không chuyên lý luận chính trị, gồm 5 môn: - Giáo trình Triết học Mác - Lênin. - Giáo trình Kinh tế chính trị Mác - Lênin. - Giáo trình Chủ nghĩa xã hội khoa họ"
triet_hoc_12,Giáo trình triết học (Phần 13),"Mác - Lênin. - Giáo trình Chủ nghĩa xã hội khoa học. - Giáo trình Lịch sử Đảng Cộng sản Việt Nam. - Giáo trình Tư tưởng Hồ Chí Minh. Mặc dù đã có nhiều cố gắng trong quá trình tổ chức biên soạn, tiếp thu các ý kiến góp ý để hoàn thiện bản thảo và xuất bản, song do nhiều lý do chủ quan và khách quan, bộ giáo trình chắc chắn khó tránh khỏi những hạn chế, thiếu sót, cần được tiếp tục bổ sung, chỉnh sửa và cập nhật. Rất mong nhận được các ý kiến góp ý của bạn đọc để bộ giáo trình được hoàn thiện hơn",1. Giao trinh Triet hoc Mac - Lenin 2021,12,Triết học,"Tiêu đề: Giáo trình triết học (Phần 13), Danh mục: Triết học, Nội dung: Mác - Lênin. - Giáo trình Chủ nghĩa xã hội khoa học. - Giáo trình Lịch sử Đảng Cộng sản Việt Nam. - Giáo trình Tư tưởng Hồ Chí Minh. Mặc dù đã có nhiều cố gắng trong quá trình tổ chức biên soạn, tiếp thu các ý kiến góp ý để hoàn thiện bản thảo và xuất bản, song do nhiều lý do chủ quan và khách quan, bộ giáo trình chắc chắn khó tránh khỏi những hạn chế, thiếu sót, cần được tiếp tục bổ sung, chỉnh sửa và cập nhật. Rất mong nhận được các ý kiến góp ý của bạn đọc để bộ giáo trình được hoàn thiện hơn"
triet_hoc_13,Giáo trình triết học (Phần 14),"ý của bạn đọc để bộ giáo trình được hoàn thiện hơn trong những lần xuất bản sau. Thư góp ý xin gửi về: Vụ Giáo dục đại học, Bộ Giáo dục và Đào tạo, số 35 Đại Cồ Việt, Hà Nội; hoặc Nhà xuất bản Chính trị quốc gia Sự thật, số 6/86 Duy Tân, Cầu Giấy, Hà Nội, Email: suthat@nxbctqg.vn. Trân trọng giới thiệu bộ giáo trình với đông đảo bạn đọc. Tháng 6 năm 2021 BỘ GIÁO DỤC VÀ ĐÀO TẠO NHÀ XUẤT BẢN CHÍNH TRỊ QUỐC GIA SỰ THẬT Chương 1 KHÁI LUẬN VỀ TRIẾT HỌC VÀ TRIẾT HỌC MÁC - LÊNIN A. MỤC TIÊU 1. Về kiến ",1. Giao trinh Triet hoc Mac - Lenin 2021,13,Triết học,"Tiêu đề: Giáo trình triết học (Phần 14), Danh mục: Triết học, Nội dung: ý của bạn đọc để bộ giáo trình được hoàn thiện hơn trong những lần xuất bản sau. Thư góp ý xin gửi về: Vụ Giáo dục đại học, Bộ Giáo dục và Đào tạo, số 35 Đại Cồ Việt, Hà Nội; hoặc Nhà xuất bản Chính trị quốc gia Sự thật, số 6/86 Duy Tân, Cầu Giấy, Hà Nội, Email: suthat@nxbctqg.vn. Trân trọng giới thiệu bộ giáo trình với đông đảo bạn đọc. Tháng 6 năm 2021 BỘ GIÁO DỤC VÀ ĐÀO TẠO NHÀ XUẤT BẢN CHÍNH TRỊ QUỐC GIA SỰ THẬT Chương 1 KHÁI LUẬN VỀ TRIẾT HỌC VÀ TRIẾT HỌC MÁC - LÊNIN A. MỤC TIÊU 1. Về kiến "
triet_hoc_14,Giáo trình triết học (Phần 15),"C VÀ TRIẾT HỌC MÁC - LÊNIN A. MỤC TIÊU 1. Về kiến thức: Trang bị cho sinh viên những tri thức cơ bản về triết học nói chung, những điều kiện ra đời của triết học Mác - Lênin. Đồng thời, giúp sinh viên nhận thức được thực chất cuộc cách mạng trong triết học do C. Mác và Ph. Ăngghen thực hiện và các giai đoạn hình thành, phát triển triết học Mác - Lênin; vai trò của triết học Mác - Lênin trong đời sống xã hội và trong thời đại ngày nay. 2. Về kỹ năng: Giúp sinh viên biết vận dụng tri thức đã học l",1. Giao trinh Triet hoc Mac - Lenin 2021,14,Triết học,"Tiêu đề: Giáo trình triết học (Phần 15), Danh mục: Triết học, Nội dung: C VÀ TRIẾT HỌC MÁC - LÊNIN A. MỤC TIÊU 1. Về kiến thức: Trang bị cho sinh viên những tri thức cơ bản về triết học nói chung, những điều kiện ra đời của triết học Mác - Lênin. Đồng thời, giúp sinh viên nhận thức được thực chất cuộc cách mạng trong triết học do C. Mác và Ph. Ăngghen thực hiện và các giai đoạn hình thành, phát triển triết học Mác - Lênin; vai trò của triết học Mác - Lênin trong đời sống xã hội và trong thời đại ngày nay. 2. Về kỹ năng: Giúp sinh viên biết vận dụng tri thức đã học l"
triet_hoc_15,Giáo trình triết học (Phần 16),"ng: Giúp sinh viên biết vận dụng tri thức đã học làm cơ sở cho việc nhận thức những nguyên lý cơ bản của triết học Mác - Lênin; biết đấu tranh chống lại những luận điểm sai trái phủ nhận sự hình thành, phát triển triết học Mác - Lênin. 3. Về tư tưởng: Giúp sinh viên củng cố niềm tin vào bản chất khoa học và cách mạng của chủ nghĩa Mác - Lênin nói chung và triết học Mác - Lênin nói riêng. B. NỘI DUNG I- TRIẾT HỌC VÀ VẤN ĐỀ CƠ BẢN CỦA TRIẾT HỌC 1. Khái lược về triết học a) Nguồn gốc của triết học ",1. Giao trinh Triet hoc Mac - Lenin 2021,15,Triết học,"Tiêu đề: Giáo trình triết học (Phần 16), Danh mục: Triết học, Nội dung: ng: Giúp sinh viên biết vận dụng tri thức đã học làm cơ sở cho việc nhận thức những nguyên lý cơ bản của triết học Mác - Lênin; biết đấu tranh chống lại những luận điểm sai trái phủ nhận sự hình thành, phát triển triết học Mác - Lênin. 3. Về tư tưởng: Giúp sinh viên củng cố niềm tin vào bản chất khoa học và cách mạng của chủ nghĩa Mác - Lênin nói chung và triết học Mác - Lênin nói riêng. B. NỘI DUNG I- TRIẾT HỌC VÀ VẤN ĐỀ CƠ BẢN CỦA TRIẾT HỌC 1. Khái lược về triết học a) Nguồn gốc của triết học "
triet_hoc_16,Giáo trình triết học (Phần 17),"Khái lược về triết học a) Nguồn gốc của triết học Là một loại hình nhận thức đặc thù của con người, triết học ra đời ở cả phương Đông và phương Tây gần như cùng một thời gian (khoảng từ thế kỷ VIII đến thế kỷ VI trước Công nguyên) tại các trung tâm văn minh lớn của nhân loại thời cổ đại. Ý thức triết học xuất hiện không ngẫu nhiên, mà có nguồn gốc thực tế từ tồn tại xã hội với một trình độ nhất định của sự phát triển văn minh, văn hóa và khoa học. Con người, với kỳ vọng được đáp ứng nhu cầu về n",1. Giao trinh Triet hoc Mac - Lenin 2021,16,Triết học,"Tiêu đề: Giáo trình triết học (Phần 17), Danh mục: Triết học, Nội dung: Khái lược về triết học a) Nguồn gốc của triết học Là một loại hình nhận thức đặc thù của con người, triết học ra đời ở cả phương Đông và phương Tây gần như cùng một thời gian (khoảng từ thế kỷ VIII đến thế kỷ VI trước Công nguyên) tại các trung tâm văn minh lớn của nhân loại thời cổ đại. Ý thức triết học xuất hiện không ngẫu nhiên, mà có nguồn gốc thực tế từ tồn tại xã hội với một trình độ nhất định của sự phát triển văn minh, văn hóa và khoa học. Con người, với kỳ vọng được đáp ứng nhu cầu về n"
triet_hoc_17,Giáo trình triết học (Phần 18),". Con người, với kỳ vọng được đáp ứng nhu cầu về nhận thức và hoạt động thực tiễn của mình đã sáng tạo ra những luận thuyết chung nhất, có tính hệ thống, phản ánh thế giới xung quanh và thế giới của chính con người. Triết học là dạng tri thức lý luận xuất hiện sớm nhất trong lịch sử các loại hình lý luận của nhân loại. Với tư cách là một hình thái ý thức xã hội, triết học có nguồn gốc nhận thức và nguồn gốc xã hội. * Nguồn gốc nhận thức Nhận thức thế giới là một nhu cầu tự nhiên, khách quan của ",1. Giao trinh Triet hoc Mac - Lenin 2021,17,Triết học,"Tiêu đề: Giáo trình triết học (Phần 18), Danh mục: Triết học, Nội dung: . Con người, với kỳ vọng được đáp ứng nhu cầu về nhận thức và hoạt động thực tiễn của mình đã sáng tạo ra những luận thuyết chung nhất, có tính hệ thống, phản ánh thế giới xung quanh và thế giới của chính con người. Triết học là dạng tri thức lý luận xuất hiện sớm nhất trong lịch sử các loại hình lý luận của nhân loại. Với tư cách là một hình thái ý thức xã hội, triết học có nguồn gốc nhận thức và nguồn gốc xã hội. * Nguồn gốc nhận thức Nhận thức thế giới là một nhu cầu tự nhiên, khách quan của "
triet_hoc_18,Giáo trình triết học (Phần 19)," thế giới là một nhu cầu tự nhiên, khách quan của con người. Về mặt lịch sử, tư duy huyền thoại và tín ngưỡng nguyên thủy là loại hình triết lý đầu tiên mà con người dùng để giải thích thế giới bí ẩn xung quanh. Người nguyên thủy kết nối những hiểu biết rời rạc, mơ hồ, phi lôgích... của mình trong các quan niệm đầy xúc cảm và hoang tưởng thành những huyền thoại để giải thích mọi hiện tượng. Đỉnh cao của tư duy huyền thoại và tín ngưỡng nguyên thủy là kho tàng những câu chuyện thần thoại và nhữn",1. Giao trinh Triet hoc Mac - Lenin 2021,18,Triết học,"Tiêu đề: Giáo trình triết học (Phần 19), Danh mục: Triết học, Nội dung:  thế giới là một nhu cầu tự nhiên, khách quan của con người. Về mặt lịch sử, tư duy huyền thoại và tín ngưỡng nguyên thủy là loại hình triết lý đầu tiên mà con người dùng để giải thích thế giới bí ẩn xung quanh. Người nguyên thủy kết nối những hiểu biết rời rạc, mơ hồ, phi lôgích... của mình trong các quan niệm đầy xúc cảm và hoang tưởng thành những huyền thoại để giải thích mọi hiện tượng. Đỉnh cao của tư duy huyền thoại và tín ngưỡng nguyên thủy là kho tàng những câu chuyện thần thoại và nhữn"
triet_hoc_19,Giáo trình triết học (Phần 20),"ủy là kho tàng những câu chuyện thần thoại và những tôn giáo sơ khai như Tô tem giáo, Bái vật giáo, Saman giáo. Thời kỳ triết học ra đời cũng là thời kỳ suy giảm và thu hẹp phạm vi của các loại hình tư duy huyền thoại và tôn giáo nguyên thủy. Triết học chính là hình thức tư duy lý luận đầu tiên trong lịch sử tư tưởng nhân loại thay thế được cho tư duy huyền thoại và tôn giáo. Trong quá trình sống và cải biến thế giới, từng bước con người có kinh nghiệm và có tri thức về thế giới. Ban đầu là nhữn",1. Giao trinh Triet hoc Mac - Lenin 2021,19,Triết học,"Tiêu đề: Giáo trình triết học (Phần 20), Danh mục: Triết học, Nội dung: ủy là kho tàng những câu chuyện thần thoại và những tôn giáo sơ khai như Tô tem giáo, Bái vật giáo, Saman giáo. Thời kỳ triết học ra đời cũng là thời kỳ suy giảm và thu hẹp phạm vi của các loại hình tư duy huyền thoại và tôn giáo nguyên thủy. Triết học chính là hình thức tư duy lý luận đầu tiên trong lịch sử tư tưởng nhân loại thay thế được cho tư duy huyền thoại và tôn giáo. Trong quá trình sống và cải biến thế giới, từng bước con người có kinh nghiệm và có tri thức về thế giới. Ban đầu là nhữn"
triet_hoc_20,Giáo trình triết học (Phần 21),"nghiệm và có tri thức về thế giới. Ban đầu là những tri thức cụ thể, riêng lẻ, cảm tính. Cùng với sự tiến bộ của sản xuất và đời sống, nhận thức của con người dần dần đạt đến trình độ cao hơn trong việc giải thích thế giới một cách hệ thống, lôgích và nhân quả... Mối quan hệ giữa cái đã biết và cái chưa biết là đối tượng, đồng thời là động lực đòi hỏi nhận thức ngày càng quan tâm sâu sắc hơn đến cái chung, những quy luật chung. Sự phát triển của tư duy trừu tượng và năng lực khái quát trong quá ",1. Giao trinh Triet hoc Mac - Lenin 2021,20,Triết học,"Tiêu đề: Giáo trình triết học (Phần 21), Danh mục: Triết học, Nội dung: nghiệm và có tri thức về thế giới. Ban đầu là những tri thức cụ thể, riêng lẻ, cảm tính. Cùng với sự tiến bộ của sản xuất và đời sống, nhận thức của con người dần dần đạt đến trình độ cao hơn trong việc giải thích thế giới một cách hệ thống, lôgích và nhân quả... Mối quan hệ giữa cái đã biết và cái chưa biết là đối tượng, đồng thời là động lực đòi hỏi nhận thức ngày càng quan tâm sâu sắc hơn đến cái chung, những quy luật chung. Sự phát triển của tư duy trừu tượng và năng lực khái quát trong quá "
triet_hoc_21,Giáo trình triết học (Phần 22),"tư duy trừu tượng và năng lực khái quát trong quá trình nhận thức sẽ đến lúc làm cho các quan điểm, quan niệm chung nhất về thế giới và về vai trò của con người trong thế giới đó hình thành - đó là lúc triết học xuất hiện với tư cách là một loại hình tư duy lý luận đối lập với các giáo lý tôn giáo và triết lý huyền thoại. Vào thời cổ đại, khi các loại hình tri thức còn ở trong tình trạng tản mạn, dung hợp và sơ khai, các khoa học độc lập chưa hình thành, thì triết học đóng vai",1. Giao trinh Triet hoc Mac - Lenin 2021,21,Triết học,"Tiêu đề: Giáo trình triết học (Phần 22), Danh mục: Triết học, Nội dung: tư duy trừu tượng và năng lực khái quát trong quá trình nhận thức sẽ đến lúc làm cho các quan điểm, quan niệm chung nhất về thế giới và về vai trò của con người trong thế giới đó hình thành - đó là lúc triết học xuất hiện với tư cách là một loại hình tư duy lý luận đối lập với các giáo lý tôn giáo và triết lý huyền thoại. Vào thời cổ đại, khi các loại hình tri thức còn ở trong tình trạng tản mạn, dung hợp và sơ khai, các khoa học độc lập chưa hình thành, thì triết học đóng vai"
